dataset,domain,family,rate,mase_native,mase_phase_filled,mase_persistence,mase_seasonal_last,mase_seasonal_median,mase_equal_ensemble,mase_gate_rate,mase_gate_uncertainty,mase_gate_full,mase_source_best_fixed,mase_oracle_pair,mase_replay_clean,mase_replay_matched,coverage80,width80_scaled,quantile_crossing
ETTh1,transformer,clean,0.0,0.978701966429236,0.978701966429236,1.9994841458334993,1.0924772793535678,1.2643770139735329,1.059311877910772,0.978701966429236,0.978701966429236,0.9827603648290619,0.978701966429236,0.9234387198440117,0.978701966429236,0.978701966429236,0.7904265873015872,2.9428677978991216,0.0
ETTh1,transformer,middle,0.125,0.9742873018593631,0.9716763386402928,1.9994841458334993,1.0924772793535678,1.2380949516300346,1.0483154222670665,0.9742873018593631,0.9742873018593631,0.9795458220567669,0.9716763386402928,0.9241849457407122,0.9742873018593631,0.9742873018593631,0.7988591269841271,3.000884841529265,0.0
ETTh1,transformer,middle,0.25,0.9820405583464797,0.9861265689012007,1.9994841458334993,1.0924772793535678,1.2336538956975684,1.0491619631052107,0.9820405583464797,0.9820405583464797,0.9864665133151085,0.9861265689012007,0.9251450442953031,0.9820405583464797,0.9820405583464797,0.8065476190476191,3.068034981873624,0.0
ETTh1,transformer,middle,0.5,0.9777867129496374,1.0078797632518575,1.9994841458334993,1.0924772793535678,1.2090890219064558,1.0398189478054296,0.9777867129496374,0.9777867129496374,0.9931147171053257,1.0078797632518575,0.923906140973432,0.9777867129496374,0.9777867129496374,0.8303571428571429,3.3981893497206994,0.0
ETTh1,transformer,random,0.125,1.0272241443285774,1.0178957458741709,1.9945669580744472,1.1194344736614492,1.2739240622643486,1.1032787818972993,1.0272241443285774,1.0272241443285774,1.0255322908715079,1.0178957458741709,0.9744008904093998,1.0272241443285774,1.0272241443285774,0.7916666666666666,3.2222020923093946,0.0
ETTh1,transformer,random,0.25,1.0491108206180504,1.0552146723388753,2.0286191031763074,1.14041252029574,1.283801424817058,1.1184546911643265,1.0491108206180504,1.0491108206180504,1.0467048191195205,1.0552146723388753,0.993059945477702,1.0491108206180504,1.0491108206180504,0.7850529100529101,3.2940967535453725,0.0
ETTh1,transformer,random,0.5,1.121091368017248,1.1602568705554255,2.0864083738778514,1.2232106465609975,1.3064490115243006,1.1563145538580817,1.121091368017248,1.121091368017248,1.1190843849109207,1.1602568705554255,1.043279462685301,1.121091368017248,1.121091368017248,0.7745535714285714,3.4896137568501264,0.0
ETTh1,transformer,tail,0.125,1.2644449215360472,1.3389658395064754,2.3644992427321094,1.3300025685598114,1.3371838321435197,1.2738880366934406,1.2644449215360472,1.2644449215360472,1.2432162973609828,1.3389658395064754,1.1548193226766312,1.3254270095552172,1.3110043536316336,0.7172619047619048,3.6329663214867027,0.0
ETTh1,transformer,tail,0.25,1.392012092162717,1.3885356107182267,2.4427373271360935,1.6084885830380284,1.3875321417785256,1.3641400022530226,1.392012092162717,1.392012092162717,1.3716614198963144,1.3885356107182267,1.2601309036736785,1.518132364128474,1.4651168700312658,0.7061011904761905,3.948683236797166,0.0
ETTh1,transformer,tail,0.5,1.4991682867666904,1.4566559996008053,2.6089617754134973,1.6268131748121826,1.4591446800226149,1.4540783943966018,1.4991682867666904,1.4991682867666904,1.5019178110590694,1.4566559996008053,1.347066521878735,1.531695990077137,1.5597004094035805,0.6788194444444444,4.061241515463702,0.0
ETTh2,transformer,clean,0.0,0.9092055626543036,0.9092055626543036,1.3299356327813516,1.1559603710128197,1.3162117028365325,1.064577420303117,0.9092055626543036,0.9092055626543036,0.90427803384258,0.9092055626543036,0.8528656546820341,0.9092055626543036,0.9092055626543036,0.7661210317460319,2.688788502243137,0.0
ETTh2,transformer,middle,0.125,0.9099640361062103,0.9066442697242587,1.3299356327813516,1.1559603710128197,1.3083045283132586,1.0648131775071872,0.9099640361062103,0.9099640361062103,0.9185261839327626,0.9066442697242587,0.8536642218910744,0.9099640361062103,0.9099640361062103,0.7715773809523809,2.715745584355107,0.0
ETTh2,transformer,middle,0.25,0.9148455039992659,0.9064065301016155,1.3299356327813516,1.1559603710128197,1.3182487499806408,1.0731320221888785,0.9148455039992659,0.9148455039992659,0.9326219661115477,0.9064065301016155,0.8658006686727789,0.9148455039992659,0.9148455039992659,0.7810019841269842,2.80808967126839,0.0
ETTh2,transformer,middle,0.5,0.9395801839892363,0.9280871072159949,1.3299356327813516,1.1559603710128197,1.2986007019106893,1.0696928840517803,0.9395801839892363,0.9395801839892363,0.9535866400611782,0.9280871072159949,0.8889684268451302,0.9395801839892363,0.9395801839892363,0.8120039682539681,3.095698287378091,0.0
ETTh2,transformer,random,0.125,0.9629923542914518,0.9533046698365202,1.3391804838598964,1.2075303219934916,1.3250484435367693,1.099400059034528,0.9629923542914518,0.9629923542914518,0.9769991308395171,0.9533046698365202,0.9025142319111632,0.9629923542914518,0.9629923542914518,0.7733134920634921,2.8399801202778883,0.0
ETTh2,transformer,random,0.25,0.9977162760342747,1.01734016920642,1.341029901293221,1.243149924091227,1.3242766502464571,1.1130446449120608,0.9977162760342747,0.9977162760342747,1.0140978674140144,1.01734016920642,0.9348412491489354,0.9977162760342747,0.9977162760342747,0.765542328042328,2.844490862326562,0.0
ETTh2,transformer,random,0.5,1.0502389703660677,1.1802811450135746,1.31972710114077,1.339542859306151,1.357607561239552,1.1504974442421358,1.0502389703660677,1.0502389703660677,1.0682049545644934,1.1802811450135746,0.9823694215325678,1.0502389703660677,1.0502389703660677,0.7395006613756613,2.857881876010481,0.0
ETTh2,transformer,tail,0.125,1.3871967517177797,1.4123161098411756,1.8300441936622016,1.5658324505607542,1.3967493037848677,1.3622194078368504,1.3871967517177797,1.3871967517177797,1.396321507418479,1.4123161098411756,1.2373111164972543,1.4747874614033825,1.4784795638988064,0.6867559523809523,3.272584678612244,0.0
ETTh2,transformer,tail,0.25,1.4457341173348817,1.4407169367331982,1.8768003569015663,1.6047112346961585,1.4261097569308991,1.4141731123853358,1.4457341173348817,1.4457341173348817,1.4498080753300162,1.4407169367331982,1.286553922479978,1.4630721930579096,1.4621530693878153,0.6865079365079365,3.409397277083497,0.0
ETTh2,transformer,tail,0.5,1.5453605208096628,1.4834581466478298,1.7812105518043562,1.6142425309488846,1.4850843691380553,1.4853114259821052,1.5453605208096628,1.5453605208096628,1.5474493217437089,1.4834581466478298,1.3601579128174341,1.505198775766869,1.5707163192727573,0.6488095238095238,3.324415106875639,0.0
electricity,electricity,clean,0.0,1.0173228366680573,1.0173228366680573,5.869465392772437,1.100852109984751,1.281150113478495,1.0638528964507425,1.0173228366680573,1.0173228366680573,1.0173228366680573,1.0173228366680573,0.9143146988430626,1.0173228366680573,1.0173228366680573,0.7996961805555555,3.093515980425559,0.005208333333333333
electricity,electricity,middle,0.125,1.0538406889111767,1.0475678925145961,5.869465392772437,1.100852109984751,1.2807947505847959,1.086056134641013,1.0538406889111767,1.0538406889111767,1.0538406889111767,1.0538406889111767,0.9402088513419389,1.0538406889111767,1.0538406889111767,0.7942708333333334,3.1672012380742722,0.005208333333333333
electricity,electricity,middle,0.25,1.0702844740418007,1.064712409429227,5.869465392772437,1.100852109984751,1.2795305315656378,1.100355798957859,1.0702844740418007,1.0702844740418007,1.0702844740418007,1.0702844740418007,0.9521860250473816,1.0702844740418007,1.0702844740418007,0.8040364583333334,3.2141226303377617,0.005208333333333333
electricity,electricity,middle,0.5,1.085353583449628,1.0845553362531706,5.869465392772437,1.100852109984751,1.2294166647093556,1.088491368950906,1.085353583449628,1.085353583449628,1.0854138460948037,1.085353583449628,0.9573088165582341,1.085353583449628,1.085353583449628,0.8270399305555555,3.484318468445767,0.0
electricity,electricity,random,0.125,1.0904561138558977,1.0501068181306286,5.861541403211006,1.1332594451422182,1.2918598694195647,1.1249185290803143,1.0904561138558977,1.0904561138558977,1.0903309870740505,1.0904561138558977,0.9864141941016535,1.0904561138558977,1.0904561138558977,0.8540219907407408,3.992431481875624,0.0
electricity,electricity,random,0.25,1.1528294285222338,1.0839928629750073,5.869092728121453,1.1795173510860713,1.3020139322514774,1.1592718763919434,1.1528294285222338,1.1528294285222338,1.1531681515806127,1.1528294285222338,1.0324080750388434,1.1528294285222338,1.1528294285222338,0.874927662037037,4.744355250626657,0.0
electricity,electricity,random,0.5,1.3374866649947694,1.1924404845401069,5.854384159147212,1.2463558061459916,1.3360854705865122,1.2388233047865682,1.3374866649947694,1.3374866649947694,1.3334618396135078,1.3374866649947694,1.1213244107594884,1.3374866649947694,1.3374866649947694,0.8939525462962963,6.16980971650103,0.0
electricity,electricity,tail,0.125,1.2729711964640598,1.374008565568161,5.552793854336007,1.437096671954306,1.3707376089942622,1.281168141095656,1.2729711964640598,1.2729711964640598,1.2729711964640598,1.2729711964640598,1.1722547808077202,1.2919171847866784,1.30738391221666,0.7736545138888888,3.8403704904108733,0.005208333333333333
electricity,electricity,tail,0.25,1.4420297973011647,1.4367236238617884,6.140330041920616,1.5747173342703686,1.4520545743800668,1.4102354059087905,1.4420297973011647,1.4420297973011647,1.4420297973011647,1.4420297973011647,1.3094935409921264,1.4134848826672215,1.4811461165037894,0.7532552083333334,3.940886635701044,0.005208333333333333
electricity,electricity,tail,0.5,1.6690047258003113,1.6515327680802392,5.918510005037373,1.601458440340993,1.6133078489039618,1.5939712662590804,1.6690047258003113,1.6690047258003113,1.6690047258003113,1.6690047258003113,1.4777238162981199,1.611905089902571,1.6954397985997236,0.740234375,4.165384338431303,0.0
traffic,traffic,clean,0.0,0.5844710898924859,0.5844710898924859,2.91815542464338,1.0443199773426384,0.9673874733313683,0.7177844210588549,0.5844710898924859,0.5935596373518633,0.5918790181975465,0.5844710898924859,0.5435132710778879,0.5844710898924859,0.5844710898924859,0.8595920138888888,1.915404614526303,0.07291666666666667
traffic,traffic,middle,0.125,0.6237453137881569,0.6639788851577028,2.91815542464338,1.0443199773426384,1.031264267943568,0.772325717384981,0.6237453137881569,0.6301939513058804,0.6297858251120374,0.6639788851577028,0.579267671333012,0.6237453137881569,0.6237453137881569,0.85546875,2.0335189612355,0.052083333333333336
traffic,traffic,middle,0.25,0.6554332035627296,0.7527526645759054,2.91815542464338,1.0443199773426384,1.0679395692402667,0.8020924847948848,0.6554332035627296,0.6762626671622766,0.6591797578627038,0.7527526645759054,0.5930349984062887,0.6554332035627296,0.6554332035627296,0.8587239583333334,2.1359701949008065,0.0625
traffic,traffic,middle,0.5,0.6850007064059492,0.7661888382033385,2.91815542464338,1.0443199773426384,0.9476656295092449,0.7642970988882539,0.6850007064059492,0.6904951549092945,0.6950240534119021,0.7661888382033385,0.6092020193623634,0.6850007064059492,0.6850007064059492,0.8786892361111112,2.4181219712221655,0.041666666666666664
traffic,traffic,random,0.125,0.6231578908613362,0.6036227941969647,2.880452552979248,1.093348451840791,0.971347731412394,0.7440397673799929,0.6231578908613362,0.6397465338112119,0.6262545021253216,0.6036227941969647,0.5777798530701586,0.6231578908613362,0.6231578908613362,0.8912037037037037,2.282737614833921,0.012152777777777778
traffic,traffic,random,0.25,0.6626469300580853,0.6523608663266331,2.8682553408114027,1.1350238587122832,0.9773379841454433,0.7685836911924206,0.6626469300580853,0.6728549499613047,0.6657292910034348,0.6523608663266331,0.6121628362897279,0.6626469300580853,0.6626469300580853,0.900390625,2.5045009919129306,0.003472222222222222
traffic,traffic,random,0.5,0.7809658447394795,0.7864144087070551,2.8238398864689507,1.2172285259625992,1.0159242264815513,0.8410560949278487,0.7809658447394795,0.7915756859688995,0.78110161808165,0.7864144087070551,0.6946450717094382,0.7809658447394795,0.7809658447394795,0.9029224537037037,2.991620033602602,0.0
traffic,traffic,tail,0.125,0.7148921834997992,0.7385858815692489,2.7580130333889055,1.45522611578333,1.0092097066557424,0.8181777153652061,0.7148921834997992,0.7200357895133597,0.7190212344844541,0.7385858815692489,0.648405597930337,0.8994168432476832,0.9009031254532992,0.8548177083333334,2.299151025843511,0.005208333333333333
traffic,traffic,tail,0.25,0.8848540311701468,0.7295554525717556,2.9755197944638776,1.4027549096079561,0.9637750865773689,0.8797688841021994,0.8848540311701468,0.8872325959864318,0.8813957099851343,0.7295554525717556,0.7220803056208082,0.9385210603926293,1.0033426982649287,0.7994791666666666,2.5160692322537392,0.015625
traffic,traffic,tail,0.5,0.8871371352087447,1.0025481125462345,3.1504728712686565,1.198854136984046,1.057216119152863,0.9250592757054977,0.8871371352087447,0.8942445438528491,0.8836603273466596,1.0025481125462345,0.7733918215392466,0.9724958313369595,1.0488688908641102,0.8276909722222222,2.8469756133709887,0.005208333333333333
weather,weather,clean,0.0,0.7282510427084009,0.7282510427084009,1.068699344265671,0.883533675655177,0.9904546554065824,0.7809457803926977,0.7282510427084009,0.7292629110128708,0.7289466018691323,0.7282510427084009,0.6337350333612889,0.7282510427084009,0.7282510427084009,0.7465277777777778,1.9134525106414815,0.078125
weather,weather,middle,0.125,0.7134782624155332,0.7145256727389585,1.068699344265671,0.883533675655177,0.9571385296251433,0.7658032000501419,0.7134782624155332,0.7126074906025188,0.7151306747086679,0.7145256727389585,0.6207113158155733,0.7134782624155332,0.7134782624155332,0.7608506944444445,1.8863203955015704,0.057291666666666664
weather,weather,middle,0.25,0.7276020345830397,0.706411812590991,1.068699344265671,0.883533675655177,0.9360106698682363,0.7609133204226923,0.7276020345830397,0.7275372185906047,0.7356778731001282,0.706411812590991,0.6294139006484624,0.7276020345830397,0.7276020345830397,0.7556423611111112,1.9176513756108935,0.046875
weather,weather,middle,0.5,0.753914048916955,0.7465986387026825,1.068699344265671,0.883533675655177,0.9201202165276906,0.7637946055376875,0.753914048916955,0.7649472374997469,0.7636159509925604,0.7465986387026825,0.6471854809230966,0.753914048916955,0.753914048916955,0.76171875,2.0327185536630235,0.026041666666666668
weather,weather,random,0.125,0.7428030201491082,0.7319736181391359,1.0584457649940828,0.8959401081594334,0.9936415986162965,0.8151651711435417,0.7428030201491082,0.7422674130140146,0.745077800162888,0.7319736181391359,0.664183980229894,0.7428030201491082,0.7428030201491082,0.7613570601851852,1.993402752023751,0.001736111111111111
weather,weather,random,0.25,0.7418603232468324,0.7766475777524549,1.0670266252580536,0.9130403633728553,0.9971694036039893,0.82252659256982,0.7418603232468324,0.7420121720118136,0.74721025696403,0.7766475777524549,0.6741038915477395,0.7418603232468324,0.7418603232468324,0.7630208333333334,2.0086110003465607,0.0
weather,weather,random,0.5,0.7598739798922169,0.8623984155773986,1.0594342134801498,0.9822650248135116,1.0121397602851179,0.8380243173625351,0.7598739798922169,0.7614397314826001,0.7594339456755194,0.8623984155773986,0.6973925201143778,0.7598739798922169,0.7598739798922169,0.7661313657407408,2.1174489348704117,0.0
weather,weather,tail,0.125,0.9403322552259016,1.0468260225332788,1.2296367173323661,1.0444779900282906,1.0516611839019998,0.9566798494797263,0.9403322552259016,0.9396475746418983,0.9427587073473208,1.0468260225332788,0.796146587536403,1.0191954689493445,0.969197791306891,0.7337239583333334,2.4169431256768767,0.010416666666666666
weather,weather,tail,0.25,1.0060571676822605,1.1013638052573176,1.4332893258047967,1.1603040940463474,1.097919055495401,1.0207374951562325,1.0060571676822605,1.0059942472988086,1.0030135090759242,1.1013638052573176,0.8922853722338496,1.0609818120270444,1.1644140477463425,0.7044270833333334,2.354621665570076,0.010416666666666666
weather,weather,tail,0.5,1.1012009870332031,1.1494146451746061,1.5411011594768125,1.305007293768267,1.1445413622559115,1.0999206058940352,1.1012009870332031,1.1020858862263994,1.1018058436369778,1.1494146451746061,0.9721082731656208,1.1894033526168968,1.2659897274493832,0.6488715277777778,2.237547344057793,0.010416666666666666
